Ivanov_1;Ivan;+7(963)123-4022;Work
Ivanov_2;Ivan;+7(963)123-6276;Work
Ivanov_3;Ivan;+7(963)123-5616;Home
Ivanov_4;Ivan;+7(963)123-7440;Work
Ivanov_5;Ivan;+7(963)123-7407;Home
Ivanov_6;Ivan;+7(963)123-1400;Work
Ivanov_7;Ivan;+7(963)123-6351;Home
Ivanov_8;Ivan;+7(963)123-3089;Home
Ivanov_9;Ivan;+7(963)123-5276;Work
Ivanov_10;Ivan;+7(963)123-6927;Home
Ivanov_11;Ivan;+7(963)123-2263;Home
Ivanov_12;Ivan;+7(963)123-2300;Home
Ivanov_13;Ivan;+7(963)123-3556;Work
Ivanov_14;Ivan;+7(963)123-7723;Work
Ivanov_15;Ivan;+7(963)123-6242;Home
Ivanov_16;Ivan;+7(963)123-3987;Home
Ivanov_17;Ivan;+7(963)123-3894;Work
Ivanov_18;Ivan;+7(963)123-4715;Work
Ivanov_19;Ivan;+7(963)123-8921;Home
Ivanov_20;Ivan;+7(963)123-5218;Home
Ivanov_21;Ivan;+7(963)123-6060;Home
Ivanov_22;Ivan;+7(963)123-7068;Home
Ivanov_23;Ivan;+7(963)123-3388;Work
Ivanov_24;Ivan;+7(963)123-1050;Work
Ivanov_25;Ivan;+7(963)123-2921;Home
Ivanov_26;Ivan;+7(963)123-4116;Work
Ivanov_27;Ivan;+7(963)123-4857;Home
Ivanov_28;Ivan;+7(963)123-5734;Work
Ivanov_29;Ivan;+7(963)123-7674;Work
Ivanov_30;Ivan;+7(963)123-6531;Work
Ivanov_31;Ivan;+7(963)123-8591;Home
Ivanov_32;Ivan;+7(963)123-6076;Work
Ivanov_33;Ivan;+7(963)123-5548;Home
Ivanov_34;Ivan;+7(963)123-2501;Work
Ivanov_35;Ivan;+7(963)123-8905;Work
Ivanov_36;Ivan;+7(963)123-8064;Home
Ivanov_37;Ivan;+7(963)123-1696;Work
Ivanov_38;Ivan;+7(963)123-3902;Home
Ivanov_39;Ivan;+7(963)123-8208;Work
Ivanov_40;Ivan;+7(963)123-1283;Home
Ivanov_41;Ivan;+7(963)123-5136;Work
Ivanov_42;Ivan;+7(963)123-5174;Work
Ivanov_43;Ivan;+7(963)123-7959;Home
Ivanov_44;Ivan;+7(963)123-2845;Work
Ivanov_45;Ivan;+7(963)123-7191;Home
Ivanov_46;Ivan;+7(963)123-3240;Home
Ivanov_47;Ivan;+7(963)123-7828;Work
Ivanov_48;Ivan;+7(963)123-8548;Home
Ivanov_49;Ivan;+7(963)123-4258;Home
Ivanov_50;Ivan;+7(963)123-8743;Work
Ivanov_51;Ivan;+7(963)123-5834;Work
Ivanov_52;Ivan;+7(963)123-1591;Work
Ivanov_53;Ivan;+7(963)123-4992;Work
Ivanov_54;Ivan;+7(963)123-1720;Home
Ivanov_55;Ivan;+7(963)123-3395;Home
Ivanov_56;Ivan;+7(963)123-6655;Work
Ivanov_57;Ivan;+7(963)123-2044;Home
Ivanov_58;Ivan;+7(963)123-7923;Home
Ivanov_59;Ivan;+7(963)123-8017;Home
Ivanov_60;Ivan;+7(963)123-3418;Work
Ivanov_61;Ivan;+7(963)123-7975;Work
Ivanov_62;Ivan;+7(963)123-8756;Home
Ivanov_63;Ivan;+7(963)123-5841;Work
Ivanov_64;Ivan;+7(963)123-6643;Home
Ivanov_65;Ivan;+7(963)123-2520;Work
Ivanov_66;Ivan;+7(963)123-1224;Work
Ivanov_67;Ivan;+7(963)123-5018;Home
Ivanov_68;Ivan;+7(963)123-8443;Home
Ivanov_69;Ivan;+7(963)123-8534;Work
Ivanov_70;Ivan;+7(963)123-6495;Home
Ivanov_71;Ivan;+7(963)123-8394;Work
Ivanov_72;Ivan;+7(963)123-2199;Work
Ivanov_73;Ivan;+7(963)123-5060;Home
Ivanov_74;Ivan;+7(963)123-7199;Home
Ivanov_75;Ivan;+7(963)123-1141;Work
Ivanov_76;Ivan;+7(963)123-6134;Work
Ivanov_77;Ivan;+7(963)123-5884;Work
Ivanov_78;Ivan;+7(963)123-1031;Home
Ivanov_79;Ivan;+7(963)123-6681;Work
Ivanov_80;Ivan;+7(963)123-1634;Home
Ivanov_81;Ivan;+7(963)123-2390;Home
Ivanov_82;Ivan;+7(963)123-5646;Work
Ivanov_83;Ivan;+7(963)123-8914;Home
Ivanov_84;Ivan;+7(963)123-7824;Home
Ivanov_85;Ivan;+7(963)123-5133;Work
Ivanov_86;Ivan;+7(963)123-5384;Home
Ivanov_87;Ivan;+7(963)123-7312;Work
Ivanov_88;Ivan;+7(963)123-1028;Work
Ivanov_89;Ivan;+7(963)123-8236;Home
Ivanov_90;Ivan;+7(963)123-5904;Home
Ivanov_91;Ivan;+7(963)123-4736;Work
Ivanov_92;Ivan;+7(963)123-8180;Home
Ivanov_93;Ivan;+7(963)123-6136;Home
Ivanov_94;Ivan;+7(963)123-6395;Work
Ivanov_95;Ivan;+7(963)123-1459;Work
Ivanov_96;Ivan;+7(963)123-7310;Work
Ivanov_97;Ivan;+7(963)123-4097;Work
Ivanov_98;Ivan;+7(963)123-8888;Home
Ivanov_99;Ivan;+7(963)123-7728;Home
Ivanov_100;Ivan;+7(963)123-5133;Home
Petrov_1;Petor;+7(917)123-8227;Home
Petrov_2;Petor;+7(917)123-5544;Home
Petrov_3;Petor;+7(917)123-3965;Work
Petrov_4;Petor;+7(917)123-1676;Home
Petrov_5;Petor;+7(917)123-7368;Home
Petrov_6;Petor;+7(917)123-1912;Home
Petrov_7;Petor;+7(917)123-3682;Work
Petrov_8;Petor;+7(917)123-8832;Work
Petrov_9;Petor;+7(917)123-2729;Home
Petrov_10;Petor;+7(917)123-7304;Work
Petrov_11;Petor;+7(917)123-8990;Home
Petrov_12;Petor;+7(917)123-5652;Home
Petrov_13;Petor;+7(917)123-1509;Work
Petrov_14;Petor;+7(917)123-6443;Work
Petrov_15;Petor;+7(917)123-2769;Work
Petrov_16;Petor;+7(917)123-3031;Work
Petrov_17;Petor;+7(917)123-6737;Home
Petrov_18;Petor;+7(917)123-8493;Home
Petrov_19;Petor;+7(917)123-1734;Home
Petrov_20;Petor;+7(917)123-5490;Work
Petrov_21;Petor;+7(917)123-6884;Home
Petrov_22;Petor;+7(917)123-4213;Home
Petrov_23;Petor;+7(917)123-7674;Home
Petrov_24;Petor;+7(917)123-3287;Home
Petrov_25;Petor;+7(917)123-2675;Work
Petrov_26;Petor;+7(917)123-2094;Home
Petrov_27;Petor;+7(917)123-1338;Work
Petrov_28;Petor;+7(917)123-8450;Work
Petrov_29;Petor;+7(917)123-3864;Home
Petrov_30;Petor;+7(917)123-5962;Home
Petrov_31;Petor;+7(917)123-3707;Work
Petrov_32;Petor;+7(917)123-6276;Work
Petrov_33;Petor;+7(917)123-6849;Home
Petrov_34;Petor;+7(917)123-7976;Work
Petrov_35;Petor;+7(917)123-8569;Home
Petrov_36;Petor;+7(917)123-6202;Home
Petrov_37;Petor;+7(917)123-7092;Home
Petrov_38;Petor;+7(917)123-5079;Home
Petrov_39;Petor;+7(917)123-1706;Home
Petrov_40;Petor;+7(917)123-8416;Home
Petrov_41;Petor;+7(917)123-5794;Home
Petrov_42;Petor;+7(917)123-1896;Home
Petrov_43;Petor;+7(917)123-5470;Work
Petrov_44;Petor;+7(917)123-8285;Work
Petrov_45;Petor;+7(917)123-3999;Home
Petrov_46;Petor;+7(917)123-5501;Work
Petrov_47;Petor;+7(917)123-5547;Home
Petrov_48;Petor;+7(917)123-1280;Work
Petrov_49;Petor;+7(917)123-3067;Home
Petrov_50;Petor;+7(917)123-7594;Work
Petrov_51;Petor;+7(917)123-5794;Work
Petrov_52;Petor;+7(917)123-2304;Work
Petrov_53;Petor;+7(917)123-4720;Work
Petrov_54;Petor;+7(917)123-5057;Home
Petrov_55;Petor;+7(917)123-3016;Work
Petrov_56;Petor;+7(917)123-3359;Home
Petrov_57;Petor;+7(917)123-7554;Work
Petrov_58;Petor;+7(917)123-5305;Work
Petrov_59;Petor;+7(917)123-6054;Home
Petrov_60;Petor;+7(917)123-7004;Home
Petrov_61;Petor;+7(917)123-3660;Home
Petrov_62;Petor;+7(917)123-1722;Work
Petrov_63;Petor;+7(917)123-5696;Home
Petrov_64;Petor;+7(917)123-5265;Home
Petrov_65;Petor;+7(917)123-1577;Work
Petrov_66;Petor;+7(917)123-5427;Work
Petrov_67;Petor;+7(917)123-7039;Work
Petrov_68;Petor;+7(917)123-3648;Work
Petrov_69;Petor;+7(917)123-2268;Work
Petrov_70;Petor;+7(917)123-3918;Home
Petrov_71;Petor;+7(917)123-4542;Home
Petrov_72;Petor;+7(917)123-5659;Home
Petrov_73;Petor;+7(917)123-7444;Work
Petrov_74;Petor;+7(917)123-4990;Work
Petrov_75;Petor;+7(917)123-7869;Home
Petrov_76;Petor;+7(917)123-4337;Home
Petrov_77;Petor;+7(917)123-1873;Home
Petrov_78;Petor;+7(917)123-4630;Home
Petrov_79;Petor;+7(917)123-2437;Home
Petrov_80;Petor;+7(917)123-4604;Home
Petrov_81;Petor;+7(917)123-3799;Work
Petrov_82;Petor;+7(917)123-3717;Work
Petrov_83;Petor;+7(917)123-5864;Work
Petrov_84;Petor;+7(917)123-3191;Home
Petrov_85;Petor;+7(917)123-3711;Work
Petrov_86;Petor;+7(917)123-6031;Work
Petrov_87;Petor;+7(917)123-3994;Home
Petrov_88;Petor;+7(917)123-5831;Home
Petrov_89;Petor;+7(917)123-4996;Home
Petrov_90;Petor;+7(917)123-6618;Work
Petrov_91;Petor;+7(917)123-4783;Home
Petrov_92;Petor;+7(917)123-2259;Home
Petrov_93;Petor;+7(917)123-7870;Home
Petrov_94;Petor;+7(917)123-6199;Work
Petrov_95;Petor;+7(917)123-3999;Home
Petrov_96;Petor;+7(917)123-1570;Work
Petrov_97;Petor;+7(917)123-2066;Work
Petrov_98;Petor;+7(917)123-1137;Work
Petrov_99;Petor;+7(917)123-2790;Work
Petrov_100;Petor;+7(917)123-4285;Work
Sidorov_1;Vasy;+7(902)123-5910;Work
Sidorov_2;Vasy;+7(902)123-1792;Work
Sidorov_3;Vasy;+7(902)123-3961;Home
Sidorov_4;Vasy;+7(902)123-7794;Home
Sidorov_5;Vasy;+7(902)123-2900;Home
Sidorov_6;Vasy;+7(902)123-4944;Home
Sidorov_7;Vasy;+7(902)123-5730;Home
Sidorov_8;Vasy;+7(902)123-6922;Work
Sidorov_9;Vasy;+7(902)123-1135;Work
Sidorov_10;Vasy;+7(902)123-4145;Home
Sidorov_11;Vasy;+7(902)123-4178;Work
Sidorov_12;Vasy;+7(902)123-6256;Home
Sidorov_13;Vasy;+7(902)123-8039;Home
Sidorov_14;Vasy;+7(902)123-6267;Home
Sidorov_15;Vasy;+7(902)123-8750;Home
Sidorov_16;Vasy;+7(902)123-3259;Work
Sidorov_17;Vasy;+7(902)123-2118;Home
Sidorov_18;Vasy;+7(902)123-7062;Home
Sidorov_19;Vasy;+7(902)123-5597;Work
Sidorov_20;Vasy;+7(902)123-5346;Work
Sidorov_21;Vasy;+7(902)123-3665;Work
Sidorov_22;Vasy;+7(902)123-5067;Work
Sidorov_23;Vasy;+7(902)123-2696;Home
Sidorov_24;Vasy;+7(902)123-6568;Home
Sidorov_25;Vasy;+7(902)123-5728;Home
Sidorov_26;Vasy;+7(902)123-5201;Home
Sidorov_27;Vasy;+7(902)123-5093;Work
Sidorov_28;Vasy;+7(902)123-8016;Home
Sidorov_29;Vasy;+7(902)123-6960;Work
Sidorov_30;Vasy;+7(902)123-2039;Work
Sidorov_31;Vasy;+7(902)123-1758;Work
Sidorov_32;Vasy;+7(902)123-1176;Home
Sidorov_33;Vasy;+7(902)123-7394;Home
Sidorov_34;Vasy;+7(902)123-3468;Home
Sidorov_35;Vasy;+7(902)123-3475;Work
Sidorov_36;Vasy;+7(902)123-5633;Home
Sidorov_37;Vasy;+7(902)123-4110;Work
Sidorov_38;Vasy;+7(902)123-6611;Work
Sidorov_39;Vasy;+7(902)123-4633;Work
Sidorov_40;Vasy;+7(902)123-4247;Home
Sidorov_41;Vasy;+7(902)123-4633;Work
Sidorov_42;Vasy;+7(902)123-5109;Home
Sidorov_43;Vasy;+7(902)123-5825;Work
Sidorov_44;Vasy;+7(902)123-6886;Work
Sidorov_45;Vasy;+7(902)123-1499;Work
Sidorov_46;Vasy;+7(902)123-3663;Work
Sidorov_47;Vasy;+7(902)123-6683;Work
Sidorov_48;Vasy;+7(902)123-1771;Home
Sidorov_49;Vasy;+7(902)123-7591;Home
Sidorov_50;Vasy;+7(902)123-2879;Home
Sidorov_51;Vasy;+7(902)123-7621;Work
Sidorov_52;Vasy;+7(902)123-4622;Work
Sidorov_53;Vasy;+7(902)123-7866;Home
Sidorov_54;Vasy;+7(902)123-4622;Home
Sidorov_55;Vasy;+7(902)123-5595;Home
Sidorov_56;Vasy;+7(902)123-7325;Work
Sidorov_57;Vasy;+7(902)123-2929;Work
Sidorov_58;Vasy;+7(902)123-5349;Home
Sidorov_59;Vasy;+7(902)123-2577;Home
Sidorov_60;Vasy;+7(902)123-7251;Work
Sidorov_61;Vasy;+7(902)123-2612;Work
Sidorov_62;Vasy;+7(902)123-5676;Work
Sidorov_63;Vasy;+7(902)123-2859;Work
Sidorov_64;Vasy;+7(902)123-4686;Home
Sidorov_65;Vasy;+7(902)123-1964;Home
Sidorov_66;Vasy;+7(902)123-7107;Work
Sidorov_67;Vasy;+7(902)123-8114;Work
Sidorov_68;Vasy;+7(902)123-3191;Work
Sidorov_69;Vasy;+7(902)123-7940;Work
Sidorov_70;Vasy;+7(902)123-2232;Home
Sidorov_71;Vasy;+7(902)123-8218;Home
Sidorov_72;Vasy;+7(902)123-3758;Home
Sidorov_73;Vasy;+7(902)123-1388;Work
Sidorov_74;Vasy;+7(902)123-6027;Work
Sidorov_75;Vasy;+7(902)123-7756;Work
Sidorov_76;Vasy;+7(902)123-3497;Home
Sidorov_77;Vasy;+7(902)123-3123;Home
Sidorov_78;Vasy;+7(902)123-4920;Home
Sidorov_79;Vasy;+7(902)123-1940;Work
Sidorov_80;Vasy;+7(902)123-4363;Work
Sidorov_81;Vasy;+7(902)123-1289;Home
Sidorov_82;Vasy;+7(902)123-7052;Work
Sidorov_83;Vasy;+7(902)123-7039;Home
Sidorov_84;Vasy;+7(902)123-1854;Work
Sidorov_85;Vasy;+7(902)123-6328;Work
Sidorov_86;Vasy;+7(902)123-2182;Home
Sidorov_87;Vasy;+7(902)123-3321;Home
Sidorov_88;Vasy;+7(902)123-3282;Work
Sidorov_89;Vasy;+7(902)123-6508;Work
Sidorov_90;Vasy;+7(902)123-7501;Home
Sidorov_91;Vasy;+7(902)123-1224;Work
Sidorov_92;Vasy;+7(902)123-3716;Home
Sidorov_93;Vasy;+7(902)123-7054;Work
Sidorov_94;Vasy;+7(902)123-8999;Home
Sidorov_95;Vasy;+7(902)123-7714;Home
Sidorov_96;Vasy;+7(902)123-4485;Work
Sidorov_97;Vasy;+7(902)123-4808;Work
Sidorov_98;Vasy;+7(902)123-6615;Work
Sidorov_99;Vasy;+7(902)123-2152;Home
Sidorov_100;Vasy;+7(902)123-3766;Work
Vasechkin_1;Vova;+7(900)123-7379;Work
Vasechkin_2;Vova;+7(900)123-4695;Work
Vasechkin_3;Vova;+7(900)123-5632;Home
Vasechkin_4;Vova;+7(900)123-2139;Work
Vasechkin_5;Vova;+7(900)123-3560;Work
Vasechkin_6;Vova;+7(900)123-3434;Home
Vasechkin_7;Vova;+7(900)123-2837;Home
Vasechkin_8;Vova;+7(900)123-1571;Home
Vasechkin_9;Vova;+7(900)123-7116;Home
Vasechkin_10;Vova;+7(900)123-6522;Home
Vasechkin_11;Vova;+7(900)123-1333;Home
Vasechkin_12;Vova;+7(900)123-4866;Work
Vasechkin_13;Vova;+7(900)123-1046;Home
Vasechkin_14;Vova;+7(900)123-6891;Home
Vasechkin_15;Vova;+7(900)123-6126;Work
Vasechkin_16;Vova;+7(900)123-2184;Home
Vasechkin_17;Vova;+7(900)123-8600;Home
Vasechkin_18;Vova;+7(900)123-7051;Home
Vasechkin_19;Vova;+7(900)123-4182;Home
Vasechkin_20;Vova;+7(900)123-7325;Home
Vasechkin_21;Vova;+7(900)123-5099;Home
Vasechkin_22;Vova;+7(900)123-1709;Home
Vasechkin_23;Vova;+7(900)123-1821;Work
Vasechkin_24;Vova;+7(900)123-2151;Work
Vasechkin_25;Vova;+7(900)123-1204;Work
Vasechkin_26;Vova;+7(900)123-5747;Work
Vasechkin_27;Vova;+7(900)123-4375;Work
Vasechkin_28;Vova;+7(900)123-2288;Work
Vasechkin_29;Vova;+7(900)123-8737;Work
Vasechkin_30;Vova;+7(900)123-7958;Home
Vasechkin_31;Vova;+7(900)123-3768;Work
Vasechkin_32;Vova;+7(900)123-6354;Home
Vasechkin_33;Vova;+7(900)123-4503;Home
Vasechkin_34;Vova;+7(900)123-5902;Home
Vasechkin_35;Vova;+7(900)123-2261;Home
Vasechkin_36;Vova;+7(900)123-5208;Work
Vasechkin_37;Vova;+7(900)123-8566;Work
Vasechkin_38;Vova;+7(900)123-3958;Home
Vasechkin_39;Vova;+7(900)123-5800;Home
Vasechkin_40;Vova;+7(900)123-3305;Home
Vasechkin_41;Vova;+7(900)123-5016;Work
Vasechkin_42;Vova;+7(900)123-4982;Work
Vasechkin_43;Vova;+7(900)123-7886;Home
Vasechkin_44;Vova;+7(900)123-7048;Work
Vasechkin_45;Vova;+7(900)123-2039;Work
Vasechkin_46;Vova;+7(900)123-1295;Work
Vasechkin_47;Vova;+7(900)123-6439;Home
Vasechkin_48;Vova;+7(900)123-7664;Work
Vasechkin_49;Vova;+7(900)123-7947;Home
Vasechkin_50;Vova;+7(900)123-7066;Work
Vasechkin_51;Vova;+7(900)123-8311;Work
Vasechkin_52;Vova;+7(900)123-6498;Work
Vasechkin_53;Vova;+7(900)123-1872;Work
Vasechkin_54;Vova;+7(900)123-1316;Work
Vasechkin_55;Vova;+7(900)123-6231;Home
Vasechkin_56;Vova;+7(900)123-2482;Work
Vasechkin_57;Vova;+7(900)123-1536;Work
Vasechkin_58;Vova;+7(900)123-6371;Home
Vasechkin_59;Vova;+7(900)123-5942;Home
Vasechkin_60;Vova;+7(900)123-7719;Home
Vasechkin_61;Vova;+7(900)123-2572;Home
Vasechkin_62;Vova;+7(900)123-3568;Work
Vasechkin_63;Vova;+7(900)123-7295;Home
Vasechkin_64;Vova;+7(900)123-4358;Home
Vasechkin_65;Vova;+7(900)123-1902;Home
Vasechkin_66;Vova;+7(900)123-4116;Work
Vasechkin_67;Vova;+7(900)123-8890;Work
Vasechkin_68;Vova;+7(900)123-2117;Work
Vasechkin_69;Vova;+7(900)123-7341;Work
Vasechkin_70;Vova;+7(900)123-2127;Home
Vasechkin_71;Vova;+7(900)123-4816;Work
Vasechkin_72;Vova;+7(900)123-6999;Home
Vasechkin_73;Vova;+7(900)123-2681;Work
Vasechkin_74;Vova;+7(900)123-7909;Work
Vasechkin_75;Vova;+7(900)123-5315;Work
Vasechkin_76;Vova;+7(900)123-3033;Home
Vasechkin_77;Vova;+7(900)123-4263;Work
Vasechkin_78;Vova;+7(900)123-1732;Work
Vasechkin_79;Vova;+7(900)123-4564;Work
Vasechkin_80;Vova;+7(900)123-1451;Home
Vasechkin_81;Vova;+7(900)123-2930;Home
Vasechkin_82;Vova;+7(900)123-4883;Work
Vasechkin_83;Vova;+7(900)123-7291;Home
Vasechkin_84;Vova;+7(900)123-1176;Work
Vasechkin_85;Vova;+7(900)123-4864;Home
Vasechkin_86;Vova;+7(900)123-8836;Work
Vasechkin_87;Vova;+7(900)123-1772;Home
Vasechkin_88;Vova;+7(900)123-5391;Work
Vasechkin_89;Vova;+7(900)123-2474;Home
Vasechkin_90;Vova;+7(900)123-8924;Home
Vasechkin_91;Vova;+7(900)123-8695;Home
Vasechkin_92;Vova;+7(900)123-4003;Home
Vasechkin_93;Vova;+7(900)123-4498;Work
Vasechkin_94;Vova;+7(900)123-3327;Home
Vasechkin_95;Vova;+7(900)123-8521;Work
Vasechkin_96;Vova;+7(900)123-7161;Work
Vasechkin_97;Vova;+7(900)123-8059;Work
Vasechkin_98;Vova;+7(900)123-7837;Work
Vasechkin_100;Vova;+7(900)123-1573;Work
